line_num,station_nm_chn,station_cd,station_nm_jpn,station_nm_eng,station_nm,fr_code,lat,lng
01호선,东豆川中央,1913,トンドゥチョン・チュンアン,Dongducheonjungang,동두천중앙,103,37.901885,127.056482
01호선,儀王,1710,ウィワン,Uiwang,의왕,P152,37.320852,126.948217
01호선,衿井,1708,クムジョン,Geumjeong,금정,P149,37.372221,126.943429
01호선,松内,1805,ソンネ,Songnae,송내,150,37.4876,126.753664
01호선,富川,1804,プチョン,Bucheon,부천,148,37.48405,126.782686
01호선,驿谷,1803,ヨッコク,Yeokgok,역곡,146,37.485178,126.811502
01호선,西东滩,1749,ソドンタン,Seodongtan,서동탄,P157-1,37.195504,127.051672
01호선,堂井,1729,タンジョン,Dangjeong,당정,P151,37.344285,126.948345
01호선,光明,1750,クァンミョン,Gwangmyeong,광명,P144-1,37.416182,126.884466
01호선,平泽,1724,ピョンテク,Pyeongtaek,평택,P165,36.990726,127.085159
01호선,西井里,1722,ソジョンニ,Seojeong-ri,서정리,P163,37.056496,127.052819
01호선,松炭,1721,ソンタン,Songtan,송탄,P162,37.075696,127.054301
01호선,乌山,1719,オサン,Osan,오산,P160,37.145885,127.06672
01호선,乌山大学,1718,オサンデ,Osan College,오산대,P159,37.168953,127.063197
01호선,洗马,1717,セマ,Sema,세마,P158,37.187533,127.04318
01호선,饼店,1716,ピョンチョム,Byeongjeom,병점,P157,37.207503,127.032731
01호선,东庙,0159,トンミョアプ,Dongmyo,동묘앞,127,37.572627,127.016429
01호선,南营,1002,ナミョン,Namyeong,남영,134,37.541021,126.9713
01호선,龙山,1003,ヨンサン,Yongsan,용산,135,37.529849,126.964561
01호선,鹭梁津,1004,ノリャンジン,Noryangjin,노량진,136,37.514219,126.942454
01호선,大方,1005,テバン,Daebang,대방,137,37.513342,126.926382
01호선,细柳,1715,セリュ,Seryu,세류,P156,37.245025,127.013222
01호선,秃山,1714,トッサン,Doksan,독산,P143,37.466613,126.889249
01호선,凤鸣,1401,ポンミョン,Bongmyeong,봉명,P170,36.801215,127.135763
01호선,牙山,1403,アサン,Asan,아산,P172,36.792053,127.104361
01호선,排芳,1405,ペバン,Baebang,배방,P174,36.777629,127.052991
01호선,清凉里,0158,チョンニャンニ,Cheongnyangni,청량리,124,37.580178,127.046835
01호선,永登浦,1006,ヨンドゥンポ,Yeongdeungpo,영등포,139,37.515504,126.907628
01호선,新道林,1007,シンドリム,Sindorim,신도림,140,37.508725,126.891295
01호선,韩国外国语大学,1016,ウェデアプ,Hankuk Univ. of Foreign Studies,외대앞,122,37.596073,127.063549
01호선,新里门,1017,シニムン,Sinimun,신이문,121,37.601854,127.067325
01호선,温阳温泉,1407,オニャンオンチョン,Onyang oncheon,온양온천,P176,36.780483,127.003249
01호선,新昌,1408,シンチャン,Sinchang,신창,P177,36.769502,126.951108
01호선,祭基洞,0157,チェギドン,Jegi-dong,제기동,125,37.578103,127.034893
01호선,新设洞,0156,シンソルトン,Sinseol-dong,신설동,126,37.575297,127.025087
01호선,东大门,0155,トンデムン,Dongdaemun,동대문,128,37.57142,127.009745
01호선,道禾,1823,トファ,Dohwa,도화,157,37.46607,126.668672
01호선,钟路五街,0154,チョンノオガ,Jongno 5(o)-ga,종로5가,129,37.570926,127.001849
01호선,钟路三街,0153,チョンノサムガ,Jongno 3(sam)-ga,종로3가,130,37.571607,126.991806
01호선,中洞,1822,チュンドン,Jung-dong,중동,149,37.486562,126.764843
01호선,温水,1821,オンス,Onsu,온수,145,37.492258,126.823388
01호선,桃源,1817,トウォン,Dowon,도원,159,37.468446,126.642706
01호선,间石,1816,カンソク,Ganseok,간석,155,37.464737,126.694181
01호선,富开,1815,プゲ,Bugae,부개,151,37.488418,126.74109
01호선,素砂,1814,ソサ,Sosa,소사,147,37.482753,126.79544
01호선,九一,1813,クイル,Guil,구일,142,37.496756,126.870793
01호선,仁川,1812,インチョン,Incheon,인천,161,37.476691,126.616936
01호선,东仁川,1811,トンインチョン,Dongincheon,동인천,160,37.475276,126.632802
01호선,济物浦,1810,チェムルポ,Jemulpo,제물포,158,37.466769,126.656666
01호선,朱安,1809,チュアン,Juan,주안,156,37.464941,126.679923
01호선,铜岩,1808,トンアム,Dongam,동암,154,37.471408,126.702896
01호선,白云,1807,ペグン,Baegun,백운,153,37.483664,126.707704
01호선,富平,1806,プピョン,Bupyeong,부평,152,37.489493,126.724805
01호선,梧柳洞,1802,オリュドン,Oryu-dong,오류동,144,37.494526,126.845365
01호선,开峰,1801,ケボン,Gaebong,개봉,143,37.494594,126.85868
01호선,天安,1728,チョナン,Cheonan,천안,P169,36.810005,127.146826
01호선,斗井,1727,トゥジョン,Dujeong,두정,P168,36.833705,127.14896
01호선,稷山,1726,チッサン,Jiksan,직산,P167,36.870593,127.143904
01호선,成欢,1725,ソンファン,Seonghwan,성환,P166,36.916076,127.126964
01호선,振威,1720,チヌィ,Jinwi,진위,P161,37.109447,127.062278
01호선,水原,1713,スウォン,Suwon,수원,P155,37.265974,126.999874
01호선,加山数码园区,1702,カサン・デジタルダンジ,Gasan Digital Complex,가산디지털단지,P142,37.481072,126.882343
01호선,衿川区厅,1703,クムチョングチョン,Geumcheon-Gu Office,금천구청,P144,37.455626,126.89398
01호선,钟阁,0152,チョンガク,Jonggak,종각,131,37.570161,126.982923
01호선,石溪,1018,ソッケ,Seokgye,석계,120,37.614805,127.065851
01호선,光云大,1019,光云大,Kwangwoon Univ.,광운대,119,37.623632,127.061835
01호선,月溪,1020,ウォルゲ,Wolgye,월계,118,37.633212,127.058831
01호선,市厅,0151,シチョン,City Hall,시청,132,37.564718,126.977108
01호선,冠岳,1705,クァナク,Gwanak,관악,P146,37.419232,126.908706
01호선,逍遥山,1916,ソヨサン,Soyosan,소요산,100,37.9481,127.061034
01호선,东豆川,1915,トンドゥチョン,Dongducheon,동두천,101,37.927878,127.05479
01호선,九老,1701,クロ,Guro,구로,141,37.503039,126.881966
01호선,仓洞,1022,チャンドン,Chang-dong,창동,116,37.653166,127.047731
01호선,华西,1712,ファソ,Hwaseo,화서,P154,37.283862,126.989627
01호선,鹿川,1021,ノクチョン,Nokcheon,녹천,117,37.644799,127.051269
01호선,石水,1704,ソッス,Seoksu,석수,P145,37.435047,126.902295
01호선,首尔,0150,ソウル,Seoul Station,서울역,133,37.554648,126.972559
01호선,纸杏,1912,チヘン,Jihaeng,지행,104,37.892334,127.055716
01호선,回基,1015,フェギ,Hoegi,회기,123,37.58946,127.057583
01호선,回龙,1905,フェリョン,Hoeryong,회룡,111,37.724846,127.046895
01호선,议政府,1906,ウィジョンブ,Uijeongbu,의정부,110,37.738415,127.045958
01호선,佳陵,1907,カヌン,Ganeung,가능,109,37.748577,127.044213
01호선,绿杨,1908,ノギャン,Nogyang,녹양,108,37.75938,127.042292
01호선,杨州,1909,ヤンジュ,Yangju,양주,107,37.774381,127.044708
01호선,德溪,1910,トッケ,Deokgye,덕계,106,37.818486,127.056486
01호선,德亭,1911,トクチョン,Deokjeong,덕정,105,37.843188,127.061277
01호선,保山,1914,ポサン,Bosan,보산,102,37.913702,127.057277
01호선,安养,1706,アニヤン,Anyang,안양,P147,37.401592,126.922874
01호선,鸣鹤,1707,ミョンハク,Myeonghak,명학,P148,37.384653,126.935433
01호선,军浦,1709,クンポ,Gunpo,군포,P150,37.35356,126.948462
01호선,望月寺,1904,マンウォルサ,Mangwolsa,망월사,112,37.709914,127.047455
01호선,道峰山,1903,トボンサン,Dobongsan,도봉산,113,37.689313,127.046222
01호선,道峰,1902,トボン,Dobong,도봉,114,37.679563,127.045595
01호선,新吉,1032,シンギル,Singil,신길,138,37.517122,126.917169
01호선,放鹤,1901,パンハク,Banghak,방학,115,37.667503,127.044273
01호선,成均馆大学,1711,ソンギュングァンデ,Sungkyunkwan Univ.,성균관대,P153,37.300349,126.97075
02호선,合井,0238,ハプチョン,Hapjeong,합정,238,37.549463,126.913739
02호선,堂山,0237,タンサン,Dangsan,당산,237,37.53438,126.902281
02호선,龙头(东大门区厅),0250,ヨンドゥ,Yongdu,용두,211-3,37.574028,127.038091
02호선,市廳,0201,シチョン,City Hall,시청,201,37.564718,126.977108
02호선,喜鹊山,0200,カチサン,Kkachisan,까치산,234-4,37.531768,126.846683
02호선,新亭十字路口,0249,シンジョンネゴリ,Sinjeongnegeori,신정네거리,234-3,37.520074,126.852912
02호선,阳川区厅,0248,ヤンチョングチョン,Yangcheon-gu Office,양천구청,234-2,37.512398,126.865819
02호선,纛岛,0210,トゥッソム,Ttukseom,뚝섬,210,37.547184,127.047367
02호선,新道林,0234,シンドリム,Sindorim,신도림,234,37.508725,126.891295
02호선,大林(九老区厅),0233,テリム,Daerim,대림,233,37.49297,126.895801
02호선,九老数码园区,0232,クロ・デジタルダンジ,Guro Digital Complex,구로디지털단지,232,37.485266,126.901401
02호선,方背,0225,パンベ,Bangbae,방배,225,37.481426,126.997596
02호선,新大方,0231,シンデバン,Sindaebang,신대방,231,37.487462,126.913149
02호선,新林,0230,シンリム,Sillim,신림,230,37.484201,126.929715
02호선,奉天,0229,ポンチョン,Bongcheon,봉천,229,37.482362,126.941892
02호선,江南,0222,カンナム,Gangnam,강남,222,37.497175,127.027926
02호선,驿三,0221,ヨッサム,Yeoksam,역삼,221,37.500622,127.036456
02호선,道林川,0247,トリムチョン,Dorimcheon,도림천,234-1,37.514287,126.882768
02호선,宣陵,0220,ソンルン,Seolleung,선릉,220,37.504503,127.049008
02호선,首尔大学(冠岳区厅),0228,ソウルデイック,Seoul Nat`l Univ.,서울대입구,228,37.481247,126.952739
02호선,三成(会展中心),0219,サムソン(三成),Samseong,삼성,219,37.508844,127.06316
02호선,落星垈,0227,ナクソンデ,Nakseongdae,낙성대,227,37.47693,126.963693
02호선,永登浦区厅,0236,ヨンドゥンポグチョン,Yeongdeungpo-gu Office,영등포구청,236,37.52497,126.895951
02호선,舍堂,0226,サダン,Sadang,사당,226,37.47653,126.981685
02호선,综合运动场,0218,チョンハブンドンジャン,Sports Complex,종합운동장,218,37.510997,127.073642
02호선,新設洞,0246,シンソルトン,Sinseol-dong,신설동,211-4,37.575297,127.025087
02호선,新踏,0245,シンダプ,Sindap,신답,211-2,37.57004,127.046481
02호선,龙踏,0244,ヨンダプ,Yongdap,용답,211-1,37.561904,127.050899
02호선,忠正路(京畿大学),0243,チュンジョンノ,Chungjeongno,충정로,243,37.559973,126.963672
02호선,阿岘,0242,アヒョン,Ahyeon,아현,242,37.557345,126.956141
02호선,梨花女子大学,0241,イデ,Ewha Womans Univ.,이대,241,37.556733,126.946013
02호선,蚕室新川,0217,チャムシルセネ,Jamsilsaenae,잠실새내,217,37.511687,127.086162
02호선,蚕室(松坡区厅),0216,チャムシル,Jamsil,잠실,216,37.51395,127.102234
02호선,蚕室渡口,0215,チャムシルナル,Jamsillaru,잠실나루,215,37.520733,127.10379
02호선,江边(东首尔客运站),0214,カンビョン,Gangbyeon,강변,214,37.535095,127.094681
02호선,新村,0240,シンチョン(新村),Sinchon,신촌,240,37.555134,126.936893
02호선,东大门历史文化公园(DDP),0205,トンデムンヨクサムンファゴンウォン(DDP),Dongdaemun History  Culture Park,동대문역사문화공원,205,37.565138,127.007896
02호선,弘益大学,0239,ホンデイック,Hongik Univ.,홍대입구,239,37.557192,126.925381
02호선,新堂,0206,シンダン,Sindang,신당,206,37.565972,127.01782
02호선,文來,0235,ムンレ,Mullae,문래,235,37.517933,126.89476
02호선,九宜,0213,クイ,Guui,구의,213,37.537077,127.085916
02호선,乙支路四街,0204,ウルチロサガ,Euljiro 4(sa)-ga,을지로4가,204,37.566941,126.998079
02호선,汉阳大学,0209,ハニャンデ,Hanyang Univ.,한양대,209,37.555273,127.043655
02호선,上往十里,0207,サンワンシムニ,Sangwangsimni,상왕십리,207,37.564354,127.029354
02호선,乙支路三街,0203,ウルチロサムガ,Euljiro 3(sam)-ga,을지로3가,203,37.566295,126.99191
02호선,建国大学,0212,コンデイック,Konkuk Univ.,건대입구,212,37.540693,127.07023
02호선,瑞草,0224,ソチョ,Seocho,서초,224,37.491897,127.007917
02호선,首尔教育大学,0223,キョデ,Seoul Nat`l Univ. of Education,교대,223,37.493415,127.01408
02호선,圣水,0211,ソンス,Seongsu,성수,211,37.544581,127.055961
02호선,往十里,0208,ワンシムニ,Wangsimni,왕십리,208,37.561533,127.037732
02호선,乙支路入口,0202,ウルチロイック,Euljiro 1(il)-ga,을지로입구,202,37.566014,126.982618
03호선,道谷,0334,トゴク,Dogok,도곡,344,37.490858,127.055381
03호선,高速巴士客运站,0329,コソクターミナル,Express Bus Terminal,고속터미널,339,37.50481,127.004943
03호선,东国大学,0322,トンデイック,Dongguk Univ.,동대입구,332,37.559052,127.005602
03호선,忠武路,0321,チュンムロ,Chungmuro,충무로,331,37.561243,126.99428
03호선,乙支路三街,0320,ウルチロサムガ,Euljiro 3(sam)-ga,을지로3가,330,37.566295,126.99191
03호선,钟路三街,0319,チョンノサムガ,Jongno 3(sam)-ga,종로3가,329,37.571607,126.991806
03호선,景福宫(政府首尔厅舍),0317,キョンボックン,Gyeongbokgung,경복궁,327,37.575762,126.97353
03호선,蚕院,0328,チャムォン,Jamwon,잠원,338,37.512759,127.01122
03호선,碌磻,0313,ノッポン,Nokbeon,녹번,323,37.600927,126.935756
03호선,佛光,0312,プルグァン,Bulgwang,불광,322,37.610469,126.929887
03호선,大化,1958,大化,Daehwa,대화,309,37.676087,126.747569
03호선,注葉,1957,注葉,Juyeop,주엽,310,37.670072,126.761334
03호선,元堂,1951,元堂,Wondang,원당,316,37.653324,126.843041
03호선,安国,0318,アングク,Anguk,안국,328,37.576477,126.985443
03호선,独立门,0316,トンニンムン,Dongnimmun,독립문,326,37.574571,126.957748
03호선,毋岳岭,0315,ムアクチェ,Muakjae,무악재,325,37.582299,126.950291
03호선,弘济,0314,ホンジェ,Hongje,홍제,324,37.589066,126.943736
03호선,延新川,0311,ヨンシンネ,Yeonsinnae,연신내,321,37.619001,126.921008
03호선,旧把拨,0310,クパバル,Gupabal,구파발,320,37.636763,126.918821
03호선,纸杻,0309,チチュク,Jichuk,지축,319,37.648048,126.913951
03호선,警察医院,0341,キョンチャル・ピョンウォン,National Police Hospital,경찰병원,351,37.495918,127.12454
03호선,可乐市场,0340,カラク・シジャン,Garak Market,가락시장,350,37.492522,127.118234
03호선,水西,0339,スソ,Suseo,수서,349,37.487371,127.10188
03호선,逸院,0338,イルォン,Irwon,일원,348,37.483681,127.08439
03호선,大厅,0337,テチョン,Daecheong,대청,347,37.493514,127.079532
03호선,馬頭,1955,馬頭,Madu,마두,312,37.652206,126.77762
03호선,白石,1954,白石,Baekseok,백석,313,37.643114,126.78787
03호선,大谷,1953,大谷,Daegok,대곡,314,37.631626,126.811024
03호선,鹤滩,0336,ハンニョウル,Hangnyeoul,학여울,346,37.496663,127.070594
03호선,新沙,0327,シンサ,Sinsa,신사,337,37.516334,127.020114
03호선,狎鸥亭,0326,アックジョン,Apgujeong,압구정,336,37.527072,127.028461
03호선,大峙,0335,テチ,Daechi,대치,345,37.494612,127.063642
03호선,梧琴,0342,オグム,Ogeum,오금,352,37.502162,127.128111
03호선,梅峰,0333,メボン,Maebong,매봉,343,37.486947,127.046769
03호선,良才(瑞草区厅),0332,ヤンジェ,Yangjae,양재,342,37.484147,127.034631
03호선,南部客运站,0331,ナンブターミナル,Nambu Bus Terminal,남부터미널,341,37.485013,127.016189
03호선,首尔教育大学,0330,キョデ,Seoul Nat`l Univ. of Education,교대,340,37.493415,127.01408
03호선,鼎鉢山,1956,鼎鉢山,Jeongbalsan,정발산,311,37.659477,126.773359
03호선,花井,1952,花井,Hwajeong,화정,315,37.634592,126.83265
03호선,玉水,0325,オクス,Oksu,옥수,335,37.540685,127.017965
03호선,金湖,0324,クムホ,Geumho,금호,334,37.548034,127.015872
03호선,药水,0323,ヤクス,Yaksu,약수,333,37.55434,127.010655
03호선,三松,1950,三松,Samsong,삼송,318,37.653083,126.895558
03호선,元興,1948,ウォンフン,Wonheung,원흥,317,37.650658,126.872642
04호선,果川,1453,クァチョン,Gwacheon,과천,438,37.433021,126.996568
04호선,舍堂,0433,サダン,Sadang,사당,433,37.47653,126.981685
04호선,南泰岭,0434,ナムテリョン,Namtaeryeong,남태령,434,37.463873,126.989134
04호선,立岩,1450,ソンバウィ,Seonbawi,선바위,435,37.451673,127.002303
04호선,赛马公园,1451,キョンマゴンウォン,Seoul Racecourse Park,경마공원,436,37.443885,127.007888
04호선,首尔大公园,1452,テゴンウォン,Seoul Grand Park,대공원,437,37.435675,127.006523
04호선,上溪,0410,サンゲ,Sanggye,상계,410,37.660878,127.073572
04호선,政府果川厅舍,1454,チョンブ・クァチョンチョンサ,Government Complex Gwacheon,정부과천청사,439,37.426513,126.98978
04호선,双门,0413,サンムン,Ssangmun,쌍문,413,37.648627,127.034709
04호선,水逾(江北区厅),0414,スユ,Suyu,수유,414,37.638052,127.025732
04호선,芦原,0411,ノウォン,Nowon,노원,411,37.655128,127.061368
04호선,仓洞,0412,チャンドン,Chang-dong,창동,412,37.653166,127.047731
04호선,弥阿(首尔网络大学),0415,ミア,Mia,미아,415,37.62667,127.025983
04호선,弥阿十字路口,0416,ミアサゴリ,Miasageori,미아사거리,416,37.613292,127.030053
04호선,吉音,0417,キルム,Gireum,길음,417,37.603407,127.025053
04호선,新吉温泉,1760,シンギル・オンチョン,Neunggil,신길온천,454,37.338212,126.765844
04호선,三角地,0428,サムガクチ,Samgakji,삼각지,428,37.534777,126.97311
04호선,诚信女子大学(敦岩),0418,ソンシンヨデイック,Sungshin Women`s Univ.,성신여대입구,418,37.592624,127.016403
04호선,汉城大学,0419,ハンソンデイック,Hansung Univ.,한성대입구,419,37.588458,127.006221
04호선,惠化,0420,ヘファ,Hyehwa,혜화,420,37.582336,127.001844
04호선,东大门,0421,トンデムン,Dongdaemun,동대문,421,37.57142,127.009745
04호선,东大门历史文化公园,0422,トンデムンヨクサムンファゴンウォン,Dongdaemun History  Culture Park,동대문역사문화공원,422,37.565138,127.007896
04호선,忠武路,0423,チュンムロ,Chungmuro,충무로,423,37.561243,126.99428
04호선,明洞,0424,ミョンドン,Myeong-dong,명동,424,37.560989,126.986325
04호선,会贤(南大门市场),0425,フェヒョン,Hoehyeon,회현,425,37.558514,126.978246
04호선,首尔站,0426,ソウルヨク,Seoul Station,서울역,426,37.554648,126.972559
04호선,淑明女子大学(葛月),0427,スクテイック,Sookmyung Women`s Univ.,숙대입구,427,37.54456,126.972106
04호선,古栈,1757,コジャン,Gojan,고잔,451,37.316777,126.823249
04호선,草芝,1758,チョジ,Choji,초지,452,37.320646,126.805913
04호선,安山,1759,アンサン,Ansan,안산,453,37.327082,126.788532
04호선,修理山,1763,スリサン,Surisan,수리산,445,37.349801,126.925365
04호선,山本,1751,サンボン,Sanbon,산본,444,37.358101,126.933274
04호선,大夜味,1752,テヤミ,Daeyami,대야미,446,37.328467,126.917332
04호선,半月,1753,パヌォル,Banwol,반월,447,37.312212,126.903524
04호선,常绿树,1754,サンロッス,Sangnoksu,상록수,448,37.302795,126.866489
04호선,汉阳大学,1755,ハンデアプ,Hanyang Univ. at Ansan,한대앞,449,37.309689,126.85344
04호선,中央,1756,チュンアン,Jungang,중앙,450,37.315941,126.838573
04호선,新龙山,0429,シニョンサン,Sinyongsan,신용산,429,37.52917,126.967894
04호선,二村,0430,イチョン,Ichon,이촌,430,37.522272,126.974345
04호선,铜雀(显忠院),0431,トンジャク,Dongjak,동작,431,37.502971,126.979306
04호선,仁德院,1455,インドグォン,Indeogwon,인덕원,440,37.401553,126.976715
04호선,坪村,1456,ピョンチョン,Pyeongchon,평촌,441,37.394287,126.963883
04호선,凡溪,1457,ポムゲ,Beomgye,범계,442,37.389793,126.950806
04호선,衿井,1458,クムジョン,Geumjeong,금정,443,37.372221,126.943429
04호선,正往,1761,チョンワン,Jeongwang,정왕,455,37.351735,126.742989
04호선,乌耳岛,1762,オイド,Oido,오이도,456,37.362357,126.738714
05호선,曲桥,2551,クブンダリ,Gubeundari,굽은다리,550,37.545477,127.142853
05호선,新亭,2520,シンジョン,Sinjeong,신정,519,37.524997,126.856191
05호선,君子,2545,クンジャ,Gunja,군자,544,37.557121,127.079542
05호선,钟路三街,2535,チョンノサムガ,Jongno 3(sam)-ga,종로3가,534,37.571607,126.991806
05호선,吉洞,2550,キルトン,Gil-dong,길동,549,37.537801,127.140004
05호선,江东,2549,カンドン,Gangdong,강동,548,37.535804,127.132481
05호선,千戶,2548,チョンホ,Cheonho,천호,547,37.538397,127.123572
05호선,广渡口,2547,クァンナル,Gwangnaru,광나루,546,37.545303,127.10357
05호선,青丘,2538,チョング,Cheonggu,청구,537,37.560245,127.013828
05호선,东大门历史文化公园,2537,トンデムンヨクサムンファゴンウォン,Dongdaemun History  Culture Park,동대문역사문화공원,536,37.565138,127.007896
05호선,光化门,2534,クァンファムン,Gwanghwamun,광화문,533,37.571026,126.976669
05호선,西大门,2533,ソデムン,Seodaemun,서대문,532,37.565773,126.966641
05호선,忠正路,2532,チュンジョンノ,Chungjeongno,충정로,531,37.559973,126.963672
05호선,永登浦区厅,2524,ヨンドゥンポグチョン,Yeongdeungpo-gu Office,영등포구청,523,37.52497,126.895951
05호선,新吉,2526,シンギル,Singil,신길,525,37.517122,126.917169
05호선,峨嵯山,2546,アチャサン,Achasan,아차산,545,37.551691,127.089761
05호선,马场,2542,マジャン,Majang,마장,541,37.5661,127.042973
05호선,傍花,2511,パンファ,Banghwa,방화,510,37.577446,126.812741
05호선,麻谷,2515,マゴク,Magok,마곡,514,37.560183,126.825448
05호선,钵山,2516,パルサン,Balsan,발산,515,37.558598,126.837668
05호선,雨装山,2517,ウジャンサン,Ujangsan,우장산,516,37.548768,126.836318
05호선,喜鹊山,2519,カチサン,Kkachisan,까치산,518,37.531768,126.846683
05호선,巨余,2560,コヨ,Geoyeo,거여,P554,37.493105,127.14415
05호선,新金湖,2539,シングムホ,Singeumho,신금호,538,37.554548,127.020331
05호선,马川,2561,マチョン,Macheon,마천,P555,37.49499,127.152781
05호선,往十里,2541,ワンシムニ,Wangsimni,왕십리,540,37.561533,127.037732
05호선,杏堂,2540,ヘンダン,Haengdang,행당,539,37.557322,127.029476
05호선,禾谷,2518,ファゴク,Hwagok,화곡,517,37.541513,126.840461
05호선,汝矣岛,2527,ヨイド,Yeouido,여의도,526,37.521624,126.924191
05호선,麻浦,2529,マポ,Mapo,마포,528,37.539574,126.945932
05호선,永登浦市场,2525,ヨンドゥンポシジャン,Yeongdeungpo Market,영등포시장,524,37.522669,126.905139
05호선,开笼,2559,ケロン,Gaerong,개롱,P553,37.498079,127.13482
05호선,梧琴,2558,オグム,Ogeum,오금,P552,37.502162,127.128111
05호선,汝矣渡口,2528,ヨイナル,Yeouinaru,여의나루,527,37.527098,126.932901
05호선,芳荑,2557,パンイ,Bangi,방이,P551,37.508857,127.126133
05호선,踏十里,2543,タプシムニ,Dapsimni,답십리,542,37.566747,127.052704
05호선,奥林匹克公园,2556,オリンピックゴンウォン,Olympic Park,올림픽공원,P550,37.516078,127.130848
05호선,遁村洞,2555,トゥンチョンドン,Dunchon-dong,둔촌동,P549,37.527788,127.136248
05호선,杨坪,2523,ヤンピョン,Yangpyeong,양평,522,37.525648,126.885778
05호선,梧木桥,2522,オモッキョ,Omokgyo,오목교,521,37.524496,126.875181
05호선,木洞,2521,モクトン,Mok-dong,목동,520,37.526065,126.864931
05호선,乙支路四街,2536,ウルチロサガ,Euljiro 4(sa)-ga,을지로4가,535,37.566941,126.998079
05호선,孔德,2530,コンドク,Gongdeok,공덕,529,37.544018,126.951592
05호선,儿岭,2531,エオゲ,Aeogae,애오개,530,37.553736,126.95682
05호선,开花山,2512,ケファサン,Gaehwasan,개화산,511,37.572399,126.806171
05호선,金浦机场,2513,キンポゴンハン,Gimpo Intl. Airport,김포공항,512,37.562434,126.801058
05호선,松亭,2514,ソンジョン,Songjeong,송정,513,37.561184,126.811973
05호선,长汉坪,2544,チャンハンピョン,Janghanpyeong,장한평,543,37.56144,127.064623
05호선,上一洞,2554,サンイルトン,Sangil-dong,상일동,553,37.556712,127.166417
05호선,高德,2553,コドク,Godeok,고덕,552,37.555004,127.154151
05호선,明逸,2552,ミョンイル,Myeongil,명일,551,37.55137,127.143999
06호선,梨泰院,2631,イテウォン,Itaewon,이태원,630,37.534488,126.994302
06호선,龟山,2616,クサン,Gusan,구산,615,37.611377,126.91727
06호선,赛折,2617,セジョル,Saejeol,새절,616,37.591148,126.913629
06호선,瓮岩,2614,トッパウィ,Dokbawi,독바위,613,37.618456,126.933031
06호선,佛光,2613,プルグァン,Bulgwang,불광,612,37.610469,126.929887
06호선,合井,2623,ハプチョン,Hapjeong,합정,622,37.549463,126.913739
06호선,鹰岩,2611,ウンアム,Eungam,응암,610,37.598605,126.915577
06호선,昌信,2638,チャンシン,Changsin,창신,637,37.579661,127.015241
06호선,普门,2639,ポムン,Bomun,보문,638,37.585286,127.019381
06호선,安岩,2640,アナム,Anam,안암,639,37.586272,127.029005
06호선,驿村,2612,ヨクチョン,Yeokchon,역촌,611,37.606021,126.922744
06호선,孔德,2627,コンドク,Gongdeok,공덕,626,37.544018,126.951592
06호선,大兴,2626,テフン,Daeheung,대흥,625,37.547771,126.942069
06호선,麻浦区厅,2621,マポグチョン,Mapo-gu Office,마포구청,620,37.563515,126.903343
06호선,高丽大学,2641,コリョデ,Korea Univ.,고려대,640,37.590508,127.036296
06호선,月谷,2642,ウォルゴク,Wolgok,월곡,641,37.601948,127.041518
06호선,花郞台,2647,ファランデ,Hwarangdae,화랑대,646,37.620064,127.084689
06호선,烽火山,2648,ポンファサン,Bonghwasan,봉화산,647,37.617283,127.091401
06호선,新內,2649,シンネ,Sinnae,신내,648,37.612887,127.103218
06호선,泰陵,2646,テルンイック,Taereung,태릉입구,645,37.617983,127.07512
06호선,石溪,2645,ソッケ,Seokgye,석계,644,37.614805,127.065851
06호선,药水,2634,ヤッス,Yaksu,약수,633,37.55434,127.010655
06호선,青丘,2635,チョング,Cheonggu,청구,634,37.560245,127.013828
06호선,新堂,2636,シンダン,Sindang,신당,635,37.565972,127.01782
06호선,东庙,2637,トンミョアプ,Dongmyo,동묘앞,636,37.572627,127.016429
06호선,波堤岭,2633,ポティゴゲ,Beotigogae,버티고개,632,37.548013,127.007055
06호선,汉江镇,2632,ハンガンジン,Hangangjin,한강진,631,37.539631,127.001725
06호선,延新川,2615,ヨンシンネ,Yeonsinnae,연신내,614,37.619001,126.921008
06호선,绿莎坪,2630,ノッサピョン,Noksapyeong,녹사평,629,37.534675,126.986695
06호선,三角地,2629,サムガクチ,Samgakji,삼각지,628,37.534777,126.97311
06호선,孝昌公园,2628,ヒョチャンゴンウォンアプ,Hyochang park,효창공원앞,627,37.539261,126.961351
06호선,广兴仓,2625,クァンフンチャン,Gwangheungchang,광흥창,624,37.547456,126.931993
06호선,上水,2624,サンス,Sangsu,상수,623,37.547716,126.922852
06호선,望远,2622,マンウォン,Mangwon,망원,621,37.556094,126.910052
06호선,世界杯体育场,2620,ワールドカップ・キョンギジャン,World Cup Stadium,월드컵경기장,619,37.569532,126.899298
06호선,数码媒体城,2619,デジタルメディアシティ,Digital Media City,디지털미디어시티,618,37.576646,126.900984
06호선,缯山,2618,チュンサン,Jeungsan,증산,617,37.583876,126.909645
06호선,石串,2644,トルゴジ,Dolgoji,돌곶이,643,37.610537,127.056431
06호선,上月谷,2643,サンウォルゴク,Sangwolgok,상월곡,642,37.606377,127.048491
07호선,四佳亭,2724,サガジョン,Sagajeong,사가정,722,37.580894,127.088478
07호선,波拉美,2744,ポラメ,Boramae,보라매,742,37.499872,126.920428
07호선,新大方丁字路口,2743,シンデバンサムゴリ,Sindaebangsamgeori,신대방삼거리,741,37.499701,126.928276
07호선,內方,2737,ネバン,Naebang,내방,735,37.487618,126.993513
07호선,水落山,2713,スラッサン,Suraksan,수락산,711,37.67785,127.055315
07호선,高速巴士客运站,2736,コソクターミナル,Express Bus Terminal,고속터미널,734,37.50481,127.004943
07호선,论岘,2734,ノンヒョン,Nonhyeon,논현,732,37.511093,127.021415
07호선,南城,2739,ナムソン,Namseong,남성,737,37.484596,126.971251
07호선,墨谷,2720,モッコル,Meokgol,먹골,718,37.610637,127.077725
07호선,长丞拜基,2742,チャンスンベギ,Jangseungbaegi,장승배기,740,37.504898,126.93915
07호선,上道,2741,サンド,Sangdo,상도,739,37.502834,126.94791
07호선,崇实大学(赛毗岭),2740,スンシルデイック,Soongsil Univ.,숭실대입구,738,37.496029,126.953822
07호선,南九老,2747,ナムグロ,Namguro,남구로,745,37.486056,126.887249
07호선,铁山,2749,チョルサン,Cheolsan,철산,747,37.47605,126.867911
07호선,喜鹊屋,3753,カチウル,Kkachiul,까치울,751,37.506207,126.810939
07호선,儿童大公园,2728,オリニ・テゴンウォン,Children's Grand Park,어린이대공원,726,37.548014,127.074658
07호선,加山数码园区,2748,カサン・デジタルダンジ,Gasan Digital Complex,가산디지털단지,746,37.481072,126.882343
07호선,春衣,3755,チュニ,Chunui,춘의,753,37.503663,126.787036
07호선,富川综合运动场,3754,プチョンジョンハブンドンジャン,Bucheon Stadium,부천종합운동장,752,37.50538,126.797337
07호선,芦原,2715,ノウォン,Nowon,노원,713,37.655128,127.061368
07호선,中溪,2716,チュンゲ,Junggye,중계,714,37.644583,127.064303
07호선,新中洞,3756,シンジュンドン,Sinjung-dong,신중동,754,37.503048,126.77596
07호선,建国大学,2729,コンデイック,Konkuk Univ.,건대입구,727,37.540693,127.07023
07호선,清潭,2731,チョンダム,Cheongdam,청담,729,37.519365,127.05335
07호선,泰陵,2719,テルンイック,Taereung,태릉입구,717,37.617983,127.07512
07호선,孔陵,2718,コンヌン,Gongneung,공릉,716,37.625742,127.072896
07호선,下溪,2717,ハゲ,Hagye,하계,715,37.636352,127.06799
07호선,富川市厅,3757,プチョンシチョン,Bucheon City Hall,부천시청,755,37.504631,126.763538
07호선,大林,2746,テリム,Daerim,대림,744,37.49297,126.895801
07호선,新丰,2745,シンプン,Sinpung,신풍,743,37.50008,126.90993
07호선,马得,2714,マドゥル,Madeul,마들,712,37.66494,127.057675
07호선,江南区厅,2732,カンナムグチョン,Gangnam-gu Office,강남구청,730,37.517186,127.04128
07호선,中和,2721,チュンファ,Junghwa,중화,719,37.602545,127.079264
07호선,光明十字路口,2750,クァンミョンサゴリ,Gwangmyeongsageori,광명사거리,748,37.479252,126.854876
07호선,道峰山,2712,トボンサン,Dobongsan,도봉산,710,37.689313,127.046222
07호선,天旺,2751,チョヌァン,Cheonwang,천왕,749,37.486637,126.838713
07호선,上凤(市外巴士客运站),2722,サンボン,Sangbong,상봉,720,37.596362,127.085032
07호선,鹤洞,2733,ハクトン,Hak-dong,학동,731,37.514229,127.031656
07호선,上洞,3758,サンドン,Sang-dong,상동,756,37.505781,126.753083
07호선,三山体育馆,3759,サムサン・チェユックァン,Samsan Gymnasium,삼산체육관,757,37.506411,126.742153
07호선,掘浦川,3760,クルポチョン,Gulpocheon,굴포천,758,37.506997,126.73128
07호선,富平区厅,3761,プピョングチョン,Bupyeong-gu Office,부평구청,759,37.508336,126.720548
07호선,石南,3763,石南,Seongnam,석남,761,37.506193,126.676203
07호선,面牧,2723,ミョンモク,Myeonmok,면목,721,37.588579,127.087503
07호선,盘浦,2735,パンポ,Banpo,반포,733,37.508178,127.011727
07호선,温水,2752,オンス,Onsu,온수,750,37.492258,126.823388
07호선,龙马山,2725,ヨンマサン,Yongmasan,용마산,723,37.573647,127.086727
07호선,中谷,2726,チュンゴク,Junggok,중곡,724,37.565923,127.08432
07호선,君子,2727,クンジャ,Gunja,군자,725,37.557121,127.079542
07호선,长岩,2711,チャンアム,Jangam,장암,709,37.700109,127.053196
08호선,松坡,2817,ソンパ,Songpa,송파,816,37.499703,127.112183
08호선,山城,2822,サンソン,Sanseong,산성,822,37.457122,127.149908
08호선,千戶,2812,チョンホ,Cheonho,천호,811,37.538397,127.123572
08호선,新兴,2825,シンフン,Sinheung,신흥,825,37.440918,127.147564
08호선,文井,2819,ムンジョン,Munjeong,문정,818,37.485855,127.1225
08호선,岩寺,2811,アムサ,Amsa,암사,810,37.55021,127.127562
08호선,丹垈五岔路口,2824,タンデオゴリ,Dandaeogeori,단대오거리,824,37.44521,127.156866
08호선,可乐市场,2818,カラク・シジャン,Garak Market,가락시장,817,37.492522,127.118234
08호선,长旨,2820,チャンジ,Jangji,장지,819,37.478703,127.126191
08호선,福井,2821,ポクチョン,Bokjeong,복정,820,37.470047,127.126662
08호선,別內,2805,ピョルネ,Byeollae,별내,804,37.64202,127.12684
08호선,南汉山城,2823,ナムハンサンソンイック,Namhansanseong,남한산성입구,823,37.451535,127.159816
08호선,蚕室,2815,チャムシル,Jamsil,잠실,814,37.51395,127.102234
08호선,梦村土城,2814,モンチョントソン,Mongchontoseong,몽촌토성,813,37.517409,127.112359
08호선,牡丹,2827,モラン,Moran,모란,827,37.43213,127.129087
08호선,寿进,2826,スジン,Sujin,수진,826,37.437428,127.140722
08호선,江东区厅,2813,カンドングチョン,Gangdong-gu Office,강동구청,812,37.530341,127.120508
08호선,九里,2808,クリ,Guri,구리,807,37.603392,127.143869
08호선,石村,2816,ソクチョン,Seokchon,석촌,815,37.505431,127.106979
09호선,鹭得,4118,ノドゥル,Nodeul,노들,918,37.512887,126.953222
09호선,铜雀,4120,トンジャク,Dongjak,동작,920,37.502971,126.979306
09호선,石村,4133,ソクチョン,Seokchon(Hansol Hospital),석촌,933,37.505431,127.106979
09호선,奥林匹克公园,4136,オリンピックゴンウォン,Olympic Park,올림픽공원,936,37.516078,127.130848
09호선,新论岘,4125,シンノンヒョン,Sinnonhyeon,신논현,925,37.504598,127.02506
09호선,彦州,4126,オンジュ,Eonju,언주,926,37.507287,127.033868
09호선,综合运动场,4130,チョンハブンドンジャン,Sports Complex,종합운동장,930,37.510997,127.073642
09호선,奉恩寺,4129,ポンウンサ,Bongeunsa,봉은사,929,37.514219,127.060245
09호선,三成中央,4128,サムソン・チュンアン,Samseong Jungang,삼성중앙,928,37.513011,127.053282
09호선,砂平,4124,サピョン,Sapyeong,사평,924,37.504206,127.015259
09호선,高速巴士客运站,4123,コソクターミナル,Express Bus Terminal,고속터미널,923,37.50481,127.004943
09호선,新盘浦,4122,シンバンポ,Sinbanpo,신반포,922,37.503415,126.995925
09호선,旧盘浦,4121,クバンポ,Gubanpo,구반포,921,37.501364,126.987332
09호선,開化,4101,ケファ,Gaehwa,개화,901,37.578608,126.798153
09호선,金浦机场,4102,キンポゴンハン,Gimpo Intl. Airport,김포공항,902,37.562434,126.801058
09호선,空港市场,4103,コンハンシジャン,Airport Market,공항시장,903,37.563726,126.810678
09호선,新傍花,4104,シンバンファ,Sinbanghwa,신방화,904,37.567532,126.816601
09호선,麻谷渡口,4105,マゴンナル,Magongnaru,마곡나루,905,37.567336,126.829497
09호선,阳川乡校,4106,ヤンチョンヒャンギョ,Yangcheon Hyanggyo,양천향교,906,37.568381,126.841333
09호선,宣靖陵,4127,ソンジョンヌン,Seonjeongneung,선정릉,927,37.51098,127.043593
09호선,加阳,4107,カヤン,Gayang,가양,907,37.561391,126.854456
09호선,曾米,4108,チュンミ,Jeungmi,증미,908,37.557402,126.861939
09호선,登村,4109,トゥンチョン,Deungchon,등촌,909,37.550632,126.865689
09호선,盐仓,4110,ヨムチャン,Yeomchang,염창,910,37.546936,126.874916
09호선,新木洞,4111,シンモクトン,Sinmokdong,신목동,911,37.544277,126.88308
09호선,仙游岛,4112,ソニュド,Seonyudo,선유도,912,37.53802,126.893525
09호선,堂山,4113,タンサン,Dangsan,당산,913,37.53438,126.902281
09호선,国会议事堂,4114,ククェウィサダン,National Assembly,국회의사당,914,37.528105,126.917874
09호선,汝矣岛,4115,ヨイド,Yeouido,여의도,915,37.521624,126.924191
09호선,赛江,4116,セッカン,Saetgang,샛강,916,37.517274,126.928422
09호선,鹭梁津,4117,ノリャンジン,Noryangjin,노량진,917,37.514219,126.942454
09호선,黑石,4119,フッソク,Heukseok,흑석,919,37.50877,126.963708
GTX-A,大谷,9002,テゴク,Daegok,대곡,X103,37.631626,126.811024
GTX-A,駒城,0010,クソン,Guseong,구성,X110,37.298969,127.105664
GTX-A,水西,0008,スソ,Suseo,수서,X108,37.487371,127.10188
GTX-A,延新川,9004,ヨンシンネ,Yeonsinnae,연신내,X105,37.619001,126.921008
GTX-A,首尔,9005,ソウル,Seoul,서울,X106,37.554648,126.972559
경강선,世宗大王陵,1510,セジョンデワンヌン,Sejongdaewangneung,세종대왕릉,K419,37.295309,127.570938
경강선,草月,1505,チョウォル,Chowol,초월,K414,37.374419,127.299
경강선,新屯陶藝村,1507,シンドゥンドイェチョン,Sindundoyechon,신둔도예촌,K416,37.317185,127.40476
경강선,昆池岩,1506,コンジアム,Gonjiam,곤지암,K415,37.351315,127.34674
경강선,三洞,1503,サムドン,Samdong,삼동,K412,37.409522,127.20336
경강선,二梅,1502,イメ,Imae,이매,K411,37.396104,127.12827
경강선,京畿廣州,1504,キョンギクァンジュ,GyeonggiGwangju,경기광주,K413,37.399907,126.630347
경강선,驪州,1511,ヨジュ,Yeoju,여주,K420,37.282701,127.628607
경강선,板橋,1501,パンギョ,Pangyo,판교,K409,37.394761,127.111217
경강선,利川,1508,セジョンデワンヌン,Icheon,이천,K417,37.265579,127.44226
경강선,夫鉢,1509,プバル,Bubal,부발,K418,37.260192,127.490277
경의선,野塘,1277,ヤダン,Yadang,야당,K328,37.712327,126.761356
경의선,陵谷,1271,ヌンゴク,Neunggok,능곡,K321,37.618808,126.820783
경의선,德沼,1208,トッソ,Deokso,덕소,K126,37.586781,127.208832
경의선,养正,1207,ヤンジョン,Yangjeong,양정,K125,37.60533,127.19364
경의선,陶农,1206,トノン,Donong,도농,K124,37.608806,127.161153
경의선,二村,1008,イチョン,Ichon,이촌,K111,37.522272,126.974345
경의선,西冰库,1009,ソビンゴ,Seobinggo,서빙고,K112,37.519594,126.988537
경의선,汉南,1010,ハンナム,Hannam,한남,K113,37.52943,127.009169
경의선,玉水,1011,オッス,Oksu,옥수,K114,37.540685,127.017965
경의선,养源,1204,ヤンウォン,Yangwon,양원,K122,37.606596,127.107906
경의선,九里,1205,クリ,Guri,구리,K123,37.603392,127.143869
경의선,谷山,1272,コッサン,Goksan,곡산,K323,37.645676,126.801762
경의선,忘忧,1203,マンウ,Mangu,망우,K121,37.59955,127.091909
경의선,上凤,1202,サンボン,Sangbong,상봉,K120,37.596362,127.085032
경의선,中浪,1201,チュンナン,Jungnang,중랑,K119,37.594917,127.076116
경의선,回基,101C,フェギ,Hoegi,회기,K118,37.58946,127.057583
경의선,清凉里,1014,チョンニャンニ,Cheongnyangni,청량리,K117,37.580178,127.046835
경의선,金陵,1279,クムヌン,Geumneung,금릉,K330,37.751322,126.765347
경의선,金村,1280,クムチョン,Geumchon,금촌,K331,37.766217,126.774644
경의선,坡州,1283,パジュ,Paju,파주,K334,37.815298,126.792783
경의선,汶山,1284,ムンサン,Munsan,문산,K335,37.854619,126.788047
경의선,往十里,1013,ワンシムニ,Wangsimni,왕십리,K116,37.561533,127.037732
경의선,枫山,1274,プンサン,Pungsan,풍산,K325,37.672346,126.786243
경의선,一山,1275,イルサン,Ilsan,일산,K326,37.682077,126.769846
경의선,炭岘,1276,タンヒョン,Tanhyeon,탄현,K327,37.694023,126.761086
경의선,云井,1278,ウンジョン,Unjeong,운정,K329,37.725826,126.767257
경의선,鹰峰,1012,ウンボン,Eungbong,응봉,K115,37.549946,127.034538
경의선,龙山,100C,ヨンサン,Yongsan,용산,K110,37.529849,126.964561
경의선,白马,1273,ペンマ,Baengma,백마,K324,37.658239,126.794461
경의선,兩水,1212,ヤンス,Yangsu,양수,K130,37.545981,127.329098
경의선,菊秀,1214,クッス,Guksu,국수,K132,37.516169,127.399367
경의선,我新,1215,アシン,Asin,아신,K133,37.51382,127.443173
경의선,梧滨,1216,オビン,Obin,오빈,K134,37.506062,127.473868
경의선,杨平,1217,ヤンピョン,Yangpyeong,양평,K135,37.525648,126.885778
경의선,元德,1218,ウォンドク,Wondeok,원덕,K136,37.468672,127.547076
경의선,龙门,1219,ヨンムン,Yongmun,용문,K137,37.48223,127.594647
경의선,砥平,1220,チピョン,Jipyeong,지평,K138,37.476444,127.629617
경의선,大谷,0300,テゴク,Daegok,대곡,K322,37.631626,126.811024
경의선,月笼,1282,ウォルロン,Wollong,월롱,K333,37.796188,126.792587
경의선,陶深,1209,トシム,Dosim,도심,K127,37.579622,127.222672
경의선,八堂,1210,パルタン,Paldang,팔당,K128,37.547371,127.243939
경의선,云吉山,1211,ウンギルサン,Ungilsan,운길산,K129,37.554669,127.310115
경의선,新院,1213,シヌォン,Sinwon,신원,K131,37.525545,127.372921
경의선,首爾站,1251,ソウル,Seoul Station,서울역,P313,37.554648,126.972559
경의선,新村,1252,シンチョン,Sinchon,신촌,P312,37.555134,126.936893
경의선,孝昌公园,1261,ヒョチャンゴンウォンアプ,Hyochang Park,효창공원앞,K826,37.539261,126.961351
경의선,孔德,1262,コンドク,Gongdeok,공덕,K312,37.544018,126.951592
경의선,西江大,1263,ソガンデ,Sogang Univ.,서강대,K313,37.551881,126.935711
경의선,弘益大学,1264,ホンデイック,Hongik Univ.,홍대입구,K314,37.557192,126.925381
경의선,加佐,1265,カジュア,Gajwa,가좌,K315,37.568491,126.915487
경의선,数码媒体城,1266,デジタルメディアシティ,Digital Media City,디지털미디어시티,K316,37.576646,126.900984
경의선,水色,1267,スセク,Susaek,수색,K317,37.580842,126.895611
경의선,江梅,1269,カンメ,Gangmae,강매,K319,37.612314,126.843223
경의선,幸信,1270,ヘンシン,Haengsin,행신,K320,37.612102,126.834146
경춘선,春川,1329,チュンチョン,Chuncheon,춘천,P140,37.885054,127.717023
경춘선,南春川,1328,ナムチュンチョン,Namchuncheon,남춘천,P139,37.864007,127.723792
경춘선,上鳳,1309,サンボン,Sangbong,상봉,P120,37.596362,127.085032
경춘선,天摩山,1318,チョンマサン,Cheonmasan,천마산,P129,37.658978,127.285379
경춘선,光云大学,1305,クァンウンデ,Kwangwoon Univ.,광운대,P116,37.623632,127.061835
경춘선,別內,1313,ピョルネ,Byeollae,별내,P124,37.64202,127.12684
경춘선,退溪院,1314,トェゲウォン,Toegyewon,퇴계원,P125,37.648311,127.143952
경춘선,思陵,1315,サルン,Sareung,사릉,P126,37.65108,127.176933
경춘선,金谷,1316,クムゴク,Geumgok,금곡,P127,37.637382,127.207853
경춘선,屈峰山,1324,クルボンサン,Gulbongsan,굴봉산,P135,37.832067,127.557695
경춘선,忘憂,1310,マンウ,Mangu,망우,P121,37.59955,127.091909
경춘선,新內,1311,シンネ,Sinnae,신내,P122,37.612887,127.103218
경춘선,葛梅,1312,カルメ,Galmae,갈매,P123,37.634118,127.114757
경춘선,金裕貞,1327,キミュジョン,Gimyujeong,김유정,P138,37.818466,127.71434
경춘선,淸凉里,1306,チョンニャンニ,Cheongnyangni,청량리,P117,37.580178,127.046835
경춘선,淸平,1321,チョンピョン,Cheongpyeong,청평,P132,37.735488,127.42661
경춘선,上泉,1322,サンチョン,Sangcheon,상천,P133,37.770246,127.454821
경춘선,加平,1323,カピョン,Gapyeong,가평,P134,37.814536,127.510739
경춘선,回基,1307,フェギ,Hoegi,회기,P118,37.58946,127.057583
경춘선,中浪,1308,チュンナン,Jungnang,중랑,P119,37.594917,127.076116
경춘선,磨石,1319,マソク,Maseok,마석,P130,37.652782,127.311767
경춘선,白楊里,1325,ペギャンニ,Baegyang-ri,백양리,P136,37.830779,127.58933
경춘선,大成里,1320,テソンニ,Daeseong-ri,대성리,P131,37.684071,127.379319
경춘선,江村,1326,カンチョン,Gangchon,강촌,P137,37.805723,127.634146
경춘선,坪內好坪,1317,ピョンネホピョン,Pyeongnae Hopyeong,평내호평,P128,37.653225,127.244493
공항철도,永宗,4217,ヨンジョン,Yeongjong,영종,A072,37.511466,126.5237
공항철도,机场货物厅舍,4212,コンハンファムルチョンサ,Incheon Intl. Airport Cargo Terminal,공항화물청사,A09,37.458366,126.476241
공항철도,云西,4211,ウンソ,Unseo,운서,A08,37.492904,126.49379
공항철도,靑羅國際城驛,4210,チョンナグクチェドシ,Cheongna Int’l City Station,청라국제도시,A071,37.555878,126.625327
공항철도,数码媒体城,4204,デジタルメディアシティ,Digital Media City,디지털미디어시티,A04,37.576646,126.900984
공항철도,弘益大学,4203,ホンデイック,Hongik Univ.,홍대입구,A03,37.557192,126.925381
공항철도,孔德,4202,コンドク,Gongdeok,공덕,A02,37.544018,126.951592
공항철도,金浦机场,4207,キンポゴンハン,Gimpo Intl. Airport,김포공항,A05,37.562434,126.801058
공항철도,桂阳,4208,ケヤン,Gyeyang,계양,A06,37.571462,126.735637
공항철도,黔岩,4209,コマム,Geomam,검암,A07,37.569104,126.673728
공항철도,首爾站,4201,ソウルヨク,Seoul Station,서울역,A01,37.554648,126.972559
공항철도,麻谷渡口,4206,マゴンナル,Magongnaru,마곡나루,A042,37.567336,126.829497
김포도시철도,金浦机场,4929,キンポ空港,Gimpo Int’l Airport,김포공항,699,37.562434,126.801058
서해선,谷山,105C,谷山,Goksan,곡산,S10,37.645676,126.801762
서해선,富川綜合運動場,1982,プチョンジョンハブンドンジャン,Bucheon Stadium,부천종합운동장,S15,37.50538,126.797337
서해선,素砂,4804,ソサ,Sosa,소사,S16,37.482753,126.79544
서해선,一山,108C,一山,Ilsan,일산,S07,37.682077,126.769846
서해선,楓山,107C,楓山,Pungsan,풍산,S08,37.672346,126.786243
서해선,白馬,106C,白馬,Baengma,백마,S09,37.658239,126.794461
서해선,大谷,103C,大谷,Daegok,대곡,S11,37.631626,126.811024
서해선,陵谷,104C,陵谷,Neunggok,능곡,S12,37.618808,126.820783
서해선,草芝,4813,チョジ,Choji,초지,S26,37.320646,126.805913
서해선,金浦空港,1980,キンポ,Gimpo Int'l Airport,김포공항,S13,37.562434,126.801058
수인분당선,往十里,102C,ワンシムニ,Wangsimni,왕십리,K210,37.561533,127.037732
수인분당선,安山,1834,アンサン,Ansan,안산,K255,37.327082,126.788532
수인분당선,草芝,1833,チョジ,Choji,초지,K254,37.320646,126.805913
수인분당선,二梅,1860,イメ,Imae,이매,K227,37.396104,127.12827
수인분당선,梧里,1859,オリ,Ori,오리,K232,37.339824,127.108942
수인분당선,美金,1858,ミグム,Migeum,미금,K231,37.350077,127.10891
수인분당선,亭子,1857,チョンジャ,Jeongja,정자,K230,37.36706,127.108105
수인분당선,薮内,1856,スネ,Sunae,수내,K229,37.378455,127.114322
수인분당선,书岘,1855,ソヒョン,Seohyeon,서현,K228,37.385126,127.123592
수인분당선,野塔,1854,ヤタプ,Yatap,야탑,K226,37.411185,127.128715
수인분당선,大母山,1028,テモサンイック,Daemosan,대모산입구,K220,37.491373,127.07272
수인분당선,牡丹,1853,モラン,Moran,모란,K225,37.43213,127.129087
수인분당선,古栈,1832,コジャン,Gojan,고잔,K253,37.316777,126.823249
수인분당선,驹城,1863,クソン,Guseong,구성,K235,37.298969,127.105664
수인분당선,太平,1852,テピョン,Taepyeong,태평,K224,37.440019,127.127709
수인분당선,仁川论岘,1881,インチョンノンヒョン,Incheon Nonhyeon,인천논현,K262,37.400614,126.722478
수인분당선,乌耳岛,1800,オイド,Oido,오이도,K258,37.362357,126.738714
수인분당선,延寿,1885,ヨンス,Yeonsu,연수,K266,37.417804,126.67894
수인분당선,源仁斋,1884,ウォニンジェ,Woninjae,원인재,K265,37.412603,126.687389
수인분당선,梅桥,1872,メギョ,Maegyo,매교,K244,37.265481,127.015678
수인분당선,中央,1831,チュンアン,Jungang,중앙,K252,37.315941,126.838573
수인분당선,仁荷大学 ,1888,インハデ,Inha Univ.,인하대,K269,37.448493,126.649619
수인분당선,水原,1846,スウォン,Suwon,수원,K245,37.265974,126.999874
수인분당선,新浦,1890,シンポ,Sinpo,신포,K271,37.46874,126.623853
수인분당선,宝亭,1861,ポジョン,Bojeong,보정,K234,37.312752,127.108196
수인분당선,宣靖陵,1850,ソンジョンヌン,Seonjeongneung,선정릉,K214,37.51098,127.043593
수인분당선,江南区厅,1849,カンナムグチョン,Gangnam-gu Office,강남구청,K213,37.517186,127.04128
수인분당선,狎鸥亭罗德奥,1848,アックジョンロデオ,Apgujeong rodeo,압구정로데오,K212,37.527381,127.040534
수인분당선,仁荷大学,1889,スンイ,Sungui,숭의,K270,37.460789,126.638297
수인분당선,苏莱浦口,1880,ソレポグ,Soraepogu,소래포구,K261,37.40095,126.733522
수인분당선,月串,1879,ウォルゴッ,Wolgot,월곶,K260,37.391769,126.742699
수인분당선,達月,1878,タロル,Dalwol,달월,K259,37.379681,126.745177
수인분당선,虎口浦,1882,ホグポ,Hogupo,호구포,K263,37.401637,126.708627
수인분당선,器兴,1865,キフン,Giheung,기흥,K237,37.275619,127.115936
수인분당선,上葛,1866,サンガル,Sanggal,상갈,K238,37.26181,127.108847
수인분당선,清明,1867,チョンミョン,Cheongmyeong,청명,K239,37.259489,127.078934
수인분당선,灵通,1868,ヨントン,Yeongtong,영통,K240,37.251568,127.071394
수인분당선,首尔林,1847,ソウルスプ,Seoul-forest,서울숲,K211,37.543617,127.044707
수인분당선,仁川,1891,インチョン,Incheon,인천,K272,37.476691,126.616936
수인분당선,嘉泉大学,1851,カチョンデ,Gachon Univ.,가천대,K223,37.448605,127.126697
수인분당선,宣陵,1023,ソンルン,Seolleung,선릉,K215,37.504503,127.049008
수인분당선,开浦洞,1027,ケポドン,Gaepo-dong,개포동,K219,37.489116,127.06614
수인분당선,九龙,1026,クリョン,Guryong,구룡,K218,37.486839,127.058856
수인분당선,道谷,1025,トゴク,Dogok,도곡,K217,37.490858,127.055381
수인분당선,竹田,1862,チュクチョン,Jukjeon,죽전,K233,37.324753,127.107395
수인분당선,汉堤,1024,ハンティ,Hanti,한티,K216,37.496237,127.052873
수인분당선,梅滩,1870,メタン,MaetanGwonseon,매탄권선,K242,37.252759,127.040566
수인분당선,南洞产业园地,1883,ナムドン・インドスパーク,Namdong Induspark,남동인더스파크,K264,37.407722,126.695216
수인분당선,新葛,1864,シンガル,Singal,신갈,K236,37.286102,127.111313
수인분당선,水原市厅,1871,スウォンシチョン,Suwon City Hall,수원시청,K243,37.261911,127.030736
수인분당선,松岛,1886,ソンド,Songdo,송도,K267,37.428514,126.657772
수인분당선,网浦,1869,マンポ,Mangpo,망포,K241,37.245795,127.057353
수인분당선,福井,1031,ポクチョン,Bokjeong,복정,K222,37.470047,127.126662
수인분당선,水西,1030,スソ,Suseo,수서,K221,37.487371,127.10188
수인분당선,汉阳大学,1830,ハンデアプ,Hanyang Univ. at Ansan,한대앞,K251,37.309689,126.85344
수인분당선,清凉里,1845,チョンニャンニ,Cheongnyangni,청량리,K209,37.580178,127.046835
수인분당선,正往,1836,チョンワン,Jeongwang,정왕,K257,37.351735,126.742989
수인분당선,新吉温泉,1835,シンギル・オンチョン,Neunggil,신길온천,K256,37.338212,126.765844
신림선,赛江,4401,セッカン,Saetgang,샛강,S401,37.517274,126.928422
신림선,波拉美,4404,ポラメ,Boramae,보라매,S404,37.499872,126.920428
신림선,大方,4402,テバン,Daebang,대방,S402,37.513342,126.926382
신림선,新林,4408,シンリム,Sillim,신림,S408,37.484201,126.929715
신분당선,江南,4307,カンナム,Gangnam,강남,D7,37.497175,127.027926
신분당선,良才,4308,ヤンジェ,Yangjae,양재,D8,37.484147,127.034631
신분당선,论岘,4305,ノンヒョン,Nonhyeon,논현,D5,37.511093,127.021415
신분당선,淸溪山入口,4310,チョンゲサンイック,Cheonggyesan,청계산입구,D10,37.447211,127.055664
신분당선,良才市民之林,4309,ヤンジェ・シミネスプ,Yangjae Citizen's Forest,양재시민의숲,D9,37.470023,127.03842
신분당선,板橋,4311,パンギョ,Pangyo,판교,D11,37.394761,127.111217
신분당선,亭子,4312,チョンジャ,Jeongja,정자,D12,37.36706,127.108105
신분당선,美金,4313,ミグム,Migeum,미금,D13,37.350077,127.10891
신분당선,東川,4314,トンチョン,Dongcheon,동천,D14,37.337928,127.102976
신분당선,水枝區廳,4315,スヅグチョン,Suji-gu office,수지구청,D15,37.322702,127.095026
신분당선,星福,4316,ソンボク,Seongbok,성복,D16,37.313335,127.0801
신분당선,上峴,4317,サンヒョン,Sanghyeon,상현,D17,37.297664,127.069342
신분당선,光敎中央,4318,クァンギョジュンアン,GwanggyoJungang,광교중앙,D18,37.288617,127.051478
신분당선,光敎,4319,クァンギョ,Gwanggyo,광교,D19,37.30211,127.044483
신분당선,江南,4306,カンナム,Sinnonhyeon,신논현,D6,37.504598,127.02506
신분당선,新沙,4304,シンサ,Sinsa,신사,D4,37.516334,127.020114
용인경전철,洑坪,4514,ポピョン,Bopyeong,보평,Y123,37.258965,127.218457
용인경전철,古陣,4513,コジン,Gojin,고진,Y121,37.24484,127.214251
용인경전철,金良場,4511,キムニャンジャン,Gimnyangjang,김량장,Y119,37.237247,127.198781
용인경전철,三街,4508,サムガ,Samga,삼가,Y116,37.242115,127.168075
용인경전철,草堂,4506,チョダン,Chodang,초당,Y115,37.260752,127.159443
용인경전철,東栢,4505,トンベク,Dongbaek,동백,Y114,37.269043,127.152716
용인경전철,支石,4503,チソク,Jiseok,지석,Y112,37.269606,127.136515
용인경전철,御井,4504,オジョン,Eojeong,어정,Y113,37.274917,127.143714
용인경전철,江南大学,4502,カンナムデ,Kangnam Univ.,강남대,Y111,37.270161,127.126033
용인경전철,器興,4501,キフン,Giheung,기흥,Y110,37.275619,127.115936
용인경전철,屯田,4515,トゥンジョン,Dunjeon,둔전,Y125,37.267051,127.21364
용인경전철,明知大,4510,ミョンジデ,Myongji Univ.,명지대,Y118,37.237964,127.190294
우이신설경전철,新設洞,4713,シンソルトン,Sinseoldong,신설동,953,37.575297,127.025087
우이신설경전철,普門,4712,ポムン,Bomun,보문,952,37.585286,127.019381
우이신설경전철,加五里,4704,カオリ,Gaori,가오리,944,37.641701,127.016792
우이신설경전철,三阳十字路口,4707,サミャンサゴリ,Samyang Sageori,삼양사거리,947,37.621512,127.02048
우이신설경전철,三陽,4706,サミャン,Samyang,삼양,946,37.627165,127.018152
우이신설경전철,北漢山牛耳,4701,プカンサンウイ,Bukhansan Ui,북한산우이,941,37.663146,127.012789
우이신설경전철,松林公園,4702,ソルバッコンウォン,Solbat Park,솔밭공원,942,37.656088,127.013252
우이신설경전철,華溪,4705,ファゲ,Hwagye,화계,945,37.634802,127.017519
우이신설경전철,誠信女大入口,4711,誠信女大入口,Sungshin Women`s Univ.,성신여대입구,951,37.592624,127.016403
우이신설경전철,貞陵,4710,チョンヌン,Jeongneung,정릉,950,37.602798,127.01349
우이신설경전철,北漢山輔國門,4709,プカンサンボグンムン,Bukhansan Bogungmun,북한산보국문,949,37.612343,127.008009
우이신설경전철,松泉,4708,ソルセム,Solsaem,솔샘,948,37.62124,127.013528
의정부경전철,虎谷,4603,ポムゴル,Beomgol,범골,U112,37.728755,127.04353
의정부경전철,興宣,4606,ホンソン,Heungseon,흥선,U115,37.743302,127.037023
의정부경전철,鉢谷,4601,バルゴク,Balgok,발곡,U110,37.727048,127.052803
의정부경전철,回龍,4602,フェリョン,Hoeryong,회룡,U111,37.724846,127.046895
의정부경전철,輕電鐵議政府,4604,キョンジョンチョルウィジョンブ,Lrt Uijeongbu,경전철의정부,U113,37.737202,127.043257
의정부경전철,議政府市廳,4605,ウィジョンブシチョン,Uijeongbu City Hall,의정부시청,U114,37.739256,127.034781
의정부경전철,議政府中央,4607,ウィジョンブチュンアン,Uijeongbu Jung-ang,의정부중앙,U117,37.743676,127.049565
의정부경전철,東梧,4608,トンオ,Dong-o,동오,U118,37.745271,127.056947
의정부경전철,赛马,4609,セマル,sae-mal,새말,U119,37.748885,127.06362
의정부경전철,京畿道廳北部廳舍,4610,キョンギドチョンプップチョンサ,Gyeonggi Provincial Government Northern Office,경기도청북부청사,U120,37.75059,127.071495
의정부경전철,孝子,4611,ヒョジャ,hyoja,효자,U121,37.754025,127.076902
의정부경전철,昆弟,4612,コンジェ,gonjae,곤제,U122,37.750471,127.083715
의정부경전철,魚龍,4613,オリョン,eoryong,어룡,U123,37.742802,127.085035
의정부경전철,松山,4614,ソンサン,Songsan,송산,U124,37.737279,127.087159
의정부경전철,塔石,4615,タプソク,Tapseok,탑석,U125,37.733579,127.088704
인천2호선,佳亭中央市场,3212,佳亭中央市場,Gajeong Jungang Market,가정중앙시장,I212,37.517054,126.676672
인천2호선,朱安国家産团,3217,朱安国家産団,Juan National Industrial Complex,주안국가산단,I217,37.473703,126.68113
인천2호선,仁川市厅,3221,仁川市庁,Inchon City Hall,인천시청,I221,37.457405,126.702221
인천2호선,石泉十字路口,3222,石泉サゴリ,Seokcheon Sageori,석천사거리,I222,37.456805,126.709986
인천2호선,沙丘市场,3223,モレネ市場,Moraenae Market,모래내시장,I223,37.45583,126.719298
인천2호선,万寿,3224,萬寿,Mansu,만수,I224,37.454911,126.732094
인천2호선,南洞区厅,3225,南洞区庁,Namdong-gu Office,남동구청,I225,37.448161,126.736939
인천2호선,仁川大公园,3226,仁川大公園,Incheon Grand Park,인천대공원,I226,37.448769,126.752618
인천2호선,佳亭,3211,佳亭,Gajeong,가정,I211,37.524649,126.675539
인천2호선,仁川佳佐,3215,インチョンカジュア,Incheon Gajwa,인천가좌,I215,37.4897,126.675208
인천2호선,西部女性会馆,3214,ソブヨソンフェグァン,West Woman's Community Center,서부여성회관,I214,37.506193,126.676203
인천2호선,朱安,3218,朱安,Juan,주안,I218,37.464941,126.679923
인천2호선,黔丹十字路口,3203,黔丹サゴリ,Geomdan Sageori,검단사거리,I203,37.60185,126.657108
인천2호선,完井,3205,完井,Wanjeong,완정,I205,37.592928,126.673203
인천2호선,篤亭,3206,ドクチョン,Dokjeong,독정,I206,37.585212,126.675844
인천2호선,麻田,3204,麻田,Majeon,마전,I204,37.597566,126.666998
인천2호선,旺吉,3202,旺吉,Wanggil,왕길,I202,37.59518,126.642696
인천2호선,石岩市场,3220,ソッバウィ市場,Seokbawi Market,석바위시장,I220,37.457611,126.692575
인천2호선,市民公园,3219,市民公園,Citizens Park,시민공원,I219,37.458335,126.681192
인천2호선,云宴,3227,雲宴,Unyeon,운연,I227,37.440127,126.75997
인천2호선,黔石,3208,コムバウィ,Geombawi,검바위,I208,37.561405,126.677566
인천2호선,石南,3213,石南,Seongnam,석남,I213,37.506193,126.676203
인천2호선,亚运会赛场,3209,アジアード競技場,Asiad Stadium,아시아드경기장,I209,37.5517,126.677122
인천2호선,西区厅,3210,西区庁,Seo-gu Office,서구청,I210,37.543742,126.676787
인천2호선,蝲蛄溪,3216,カジェウル,Gajaeul,가재울,I216,37.484192,126.683673
인천2호선,黔岩,3207,黔岩,Geomam,검암,I207,37.569104,126.673728
인천2호선,黔丹梧柳,3201,黔丹梧柳,Geomdan Oryu,검단오류,I201,37.594877,126.627178
인천선,国际业务园区,3138,ククチェオンムジグ,Intl. Business District,국제업무지구,I138,37.399907,126.630347
인천선,知识信息园区,3135,チシク・チョンボダンジ,BIT Zone,지식정보단지,I135,37.378384,126.645168
인천선,科技园,3134,テクノパーク,Technopark,테크노파크,I134,37.382268,126.656365
인천선,大学城,3133,キャンパスタウン,Campus Town,캠퍼스타운,I133,37.387855,126.661673
인천선,间石五岔路口,3123,カンソク・オゴリ,Ganseogogeori,간석오거리,I123,37.467048,126.707938
인천선,富平,3120,プピョン,Bupyeong,부평,I120,37.489493,126.724805
인천선,中央公园,3137,セントラルパーク,Central Park,센트럴파크,I137,37.393054,126.634729
인천선,仁川大学,3136,インチョンデイック,Incheon Nat'l Univ.,인천대입구,I136,37.386007,126.639484
인천선,葛山,3117,カルサン,Galsan,갈산,I117,37.517268,126.721514
인천선,鹊田,3116,チャクチョン,Jakjeon,작전,I116,37.530415,126.722527
인천선,京仁教育大学,3115,キョンインギョデイック,Gyeong-in Nat`l Univ. of Education,경인교대입구,I115,37.538157,126.722597
인천선,桂山,3114,ケサン,Gyesan,계산,I114,37.543238,126.728128
인천선,桂阳,3110,ケヤン,Gyeyang,계양,I110,37.571462,126.735637
인천선,橘岘,3111,キュルチョン,Gyulhyeon,귤현,I111,37.566379,126.742654
인천선,朴村,3112,パクチョン,Bakchon,박촌,I112,37.553703,126.745077
인천선,富平市場,3119,富平市場,Bupyeong Market,부평시장,I119,37.498383,126.722244
인천선,东树,3121,トンス,Dongsu,동수,I121,37.485312,126.718247
인천선,富平丁字路口,3122,プピョンサムゴリ,Bupyeongsamgeori,부평삼거리,I122,37.477679,126.710208
인천선,仁川市廳,3124,インチョンシチョン,Incheon City Hall,인천시청,I124,37.457405,126.702221
인천선,艺术会馆,3125,イェスルフェグァン,Arts Center,예술회관,I125,37.449396,126.701012
인천선,仁川客运站,3126,インチョンターミナル,Incheon Bus Terminal,인천터미널,I126,37.442383,126.699706
인천선,文鹤体育场,3127,ムンハク・キョンギジャン,Munhak Sports Complex,문학경기장,I127,37.434935,126.698579
인천선,新延寿,3129,シニョンス,Sinyeonsu,신연수,I129,37.41804,126.693863
인천선,林鹤,3113,イムハク,Imhak,임학,I113,37.545059,126.738665
인천선,富平区厅,3118,プピョングチョン,Bupyeong-gu Office,부평구청,I118,37.508336,126.720548
인천선,东幕,3132,トンマク,Dongmak,동막,I132,37.397878,126.674005
인천선,东春,3131,トンチュン,Dongchun,동춘,I131,37.404737,126.681015
인천선,源仁斋,3130,ウァニンジエ,Woninjae,원인재,I130,37.412603,126.687389
인천선,仙鹤,3128,ソンハク,Seonhak,선학,I128,37.426684,126.698863
